<?xml version="1.0" encoding="UTF-8"?>
<project-private xmlns="http://www.netbeans.org/ns/project-private/1">
    <editor-bookmarks xmlns="http://www.netbeans.org/ns/editor-bookmarks/2" lastBookmarkId="0"/>
    <open-files xmlns="http://www.netbeans.org/ns/projectui-open-files/2">
        <group>
            <file>file:/H:/School%20Work/IST%20240/Exam%202/Music%20Store/Music%20Store/src/MusicStore/MusicStore.java</file>
            <file>file:/H:/School%20Work/IST%20240/Exam%202/Music%20Store/Music%20Store/src/MusicStore/Inventory.java</file>
            <file>file:/H:/School%20Work/IST%20240/Exam%202/Music%20Store/Music%20Store/src/MusicStore/Vinyl.java</file>
        </group>
    </open-files>
</project-private>
